,Xt_MPI 1,Xt_MPI 3,Xt_MPI 6
0,0.28531312069706766,0.3547577208325846,0.34873910956211
1,0.012262738834746689,0.05840908564127073,0.12809077849141817
2,0.013305245311050713,0.053029548590140196,0.10002193892146252
3,0.35218651838021664,0.39598419476556357,0.3717422757791923
4,0.25071273818308254,0.3125398680644441,0.3178822702366771
5,0.2786929868643076,0.36712365246680095,0.3597042215283905
6,0.22918491714160147,0.2727588980488453,0.28161833672324704
7,0.11415728874036718,0.218292905433303,0.25526994291107935
8,0.20667200573928565,0.3328341739450985,0.34125877874894833
9,0.3450334207645827,0.3590359316956187,0.34984714945787954
10,0.2877296038609174,0.33143904262142837,0.33553329062801507
11,0.07853730100123488,0.17765544538405362,0.23668823569132583
12,0.21097168539231065,0.26799914961801846,0.2800743465695427
13,0.18088502116588628,0.2854735115774174,0.3094515316040198
14,0.021096550113146734,0.11609349336740139,0.21161571838874613
15,0.9206929537752022,0.8163867491423569,0.6987723913654488
16,0.007633736168267378,0.039054887660828944,0.08518220587846968
17,0.005102876494058288,0.02884370674436728,0.06991923031424899
18,0.039478364362612234,0.15523047150365,0.2422351489672345
19,0.1315356147025682,0.22993024589035468,0.2719886417989933
20,0.0976745860328017,0.20918371925483792,0.2603071171781764
21,0.03761284740710641,0.15270514964022805,0.2378073063556039
22,0.06768631938529537,0.1809620896887095,0.24506831166933216
23,0.014526860877792593,0.041219760273285264,0.07639144088012645
24,0.1476368878705283,0.3079238297515127,0.3530159331323287
25,0.17569637481552428,0.27735718538599063,0.29470571356168046
26,0.006594884999506218,0.034879204570166016,0.08129545907471164
27,0.10236468341774965,0.16067194782928004,0.19551746722113092
28,0.3335595489603258,0.3827954726092996,0.3616620828589223
29,0.2820293861046614,0.34547096027429647,0.33486465590188674
30,0.3091769898360905,0.36522905684140283,0.3490455587289564
31,0.02868631564022212,0.08217234225422336,0.12158365941847503
32,0.020659096713710735,0.08390455397390657,0.13971528943813435
33,0.16390009207877726,0.2662555072005129,0.2777187913140624
34,0.21687512945475806,0.28869539863340754,0.29693234036020555
35,0.3019182550383963,0.39893175795300234,0.3854873395012116
36,0.004983020512434159,0.02829328178451265,0.0678889717900121
37,0.03334833219100509,0.13439264421935948,0.21265840119455304
38,0.2400833318636289,0.28633632088543015,0.2971201880293563
39,0.062182872012567954,0.1882025229372912,0.25833332351958005
40,0.17643277298739551,0.2714888284800581,0.2884862793725892
41,0.11099853071446979,0.2413581566583739,0.27418667744843156
42,0.14976179581033786,0.2845529490326142,0.30790498729050125
43,0.1247249711938858,0.2684058217879088,0.3016480962175845
44,0.149756935521295,0.28454026187014536,0.3078923941240624
45,0.27994903216131606,0.3961188391003826,0.38198106359099904
46,0.00474028898782172,0.027856221992079502,0.0666943123997927
47,0.022621052306450184,0.08544291827714379,0.15889901116633393
48,0.5185741430931291,0.5596883045088121,0.5003037604174561
49,0.30948833397662223,0.4405021362511237,0.42326321048461774
50,0.3212122218695149,0.4371767424994819,0.4154174018524928
51,0.2427496507735852,0.39258434606900733,0.3915865535859733
52,0.0031890811305693464,0.02323546001701859,0.0626474385353991
53,0.3083522616393821,0.4059631910461555,0.3934419957958787
54,0.0461677918848683,0.14788026247022315,0.19996212525757426
55,0.21098337753856583,0.3594099085048834,0.3797312955618758
56,0.10109384143950707,0.24312710046667096,0.307500559638929
57,0.07077386407066012,0.12529565636925075,0.16804131578072293
58,0.10367471345288519,0.1744918685418655,0.1991341408780586
59,0.003121572671032102,0.023439938717901156,0.06606487221036328
60,0.009341674460597927,0.04076416451486615,0.08322326687109538
61,0.2539885690346913,0.308663252327114,0.3020829055576953
62,0.14154389782689686,0.20176251968247333,0.2203732220712472
63,0.0737940301729084,0.14911181905843895,0.1787073347149226
64,0.08025805888471144,0.12775138734218855,0.15840921697022142
65,0.004154184220063589,0.026535345753721795,0.0636426232977045
66,0.08375630556825255,0.17899772305270412,0.21096894900402688
67,0.14155824006490483,0.17272058291601672,0.19235594422799931
68,0.11737759154394112,0.16123525805328184,0.18804986926362485
69,0.0323207207215247,0.09068448712104106,0.14300083255847537
70,0.1202473498885242,0.1683400944365874,0.19193909280831983
71,0.09392653745923145,0.17441781801345183,0.2083352496383556
72,0.00727370485430603,0.05619775613674742,0.1267673775432455
73,0.004446283517694999,0.026705971301237197,0.0640131841176034
74,0.008373794149857158,0.04116913700396832,0.0877608928462614
75,0.0027438621374145417,0.020498326646784155,0.05819639244845272
76,0.016776741114677262,0.08367714697529276,0.1543398436392093
77,0.03886702659776233,0.10602063645477607,0.15576139094280456
78,0.02861655154351409,0.09689839208010936,0.15116627955059972
79,0.009978111972195789,0.06561441791159393,0.13206304056712684
80,0.021429443321951784,0.08729437321009098,0.14571736756879333
81,0.011958960658640222,0.03486862288129856,0.06877832615278487
82,0.031214435106158917,0.12581131320109898,0.18739784385617955
83,0.04417171054572943,0.11257591396452436,0.15052657566327715
84,0.004274950332344281,0.02551399093162836,0.06434517133514035
85,0.02580202972482498,0.07432118644184539,0.1169273069986154
86,0.27238615019260515,0.3234039155315197,0.3129544588682876
87,0.20982529708114334,0.27384509267144597,0.27567554193469873
88,0.2427435566190983,0.3000669457747044,0.29539857818080256
89,0.01646103916920241,0.05892548066670598,0.0981125240518037
90,0.026555040067195633,0.09474306511584614,0.1515935980107993
91,0.11340272200646681,0.2079794334455633,0.22629402437426055
92,0.12525004436002124,0.1940771119419293,0.21552466951703184
93,0.16892636064331082,0.2579375466550177,0.2690524817617973
94,0.004862146450272468,0.022542012223122798,0.056486099902959885
95,0.01753806268707846,0.09445694089118102,0.16919705988652295
96,0.17032830088477752,0.2137484531409561,0.23206079406852462
97,0.023584325118134308,0.09149519463105953,0.15097844105474517
98,0.11101897780131244,0.18903015503501713,0.2153365371468773
99,0.09575667771722529,0.20129896973325784,0.23497614678126627
100,0.07226649713366534,0.18386421980775008,0.22063961688267797
101,0.05812180302589935,0.16773831849396464,0.21172017655038594
102,0.07227203688796065,0.1838718255036354,0.22064558748843785
103,0.09871752590884647,0.19357090546001285,0.21451777586453488
104,0.0017990593822588387,0.014124890148062048,0.042403438161951176
105,0.010956565580917748,0.045998285871315395,0.09396958258944153
106,0.004973803087343724,0.027637967335458605,0.06416351606028091
107,0.0974109749175042,0.2187187245513791,0.24321436385406545
108,0.14470251086056599,0.2504508451598987,0.26370564108653716
109,0.06422384468149732,0.16230630537495305,0.19688098850913952
110,0.004800628444931743,0.028421175730963203,0.06957801508482672
111,0.1339286576140513,0.2145224616563705,0.23531844557337778
112,0.26098195502045873,0.4446660104139057,0.4565430181984937
113,0.045696392108047365,0.13334244176832422,0.1816322606265658
114,0.022126442279432564,0.09802261066449056,0.16359904637354264
115,0.028488784965540824,0.07302359891897514,0.11975710236677967
